{
  "parent": "minecraft:item/generated",
  "textures": {
    "layer0": "item/arrow",
    "layer1": "item/arrow/flint_arrow_head",
    "layer2": "item/arrow/stick_hilt"
  },
  "overrides": [
    { "predicate": { "custom_model_data": 12 }, "model": "item/arrow/breeze_hilt/arrow" },
    { "predicate": { "custom_model_data": 13 }, "model": "item/arrow/blaze_hilt/arrow" },
    { "predicate": { "custom_model_data": 21 }, "model": "item/arrow/normal_hilt/iron_arrow" },
    { "predicate": { "custom_model_data": 22 }, "model": "item/arrow/breeze_hilt/iron_arrow" },
    { "predicate": { "custom_model_data": 23 }, "model": "item/arrow/blaze_hilt/iron_arrow" },
    { "predicate": { "custom_model_data": 31 }, "model": "item/arrow/normal_hilt/gold_arrow" },
    { "predicate": { "custom_model_data": 32 }, "model": "item/arrow/breeze_hilt/gold_arrow" },
    { "predicate": { "custom_model_data": 33 }, "model": "item/arrow/blaze_hilt/gold_arrow" },
    { "predicate": { "custom_model_data": 41 }, "model": "item/arrow/normal_hilt/spectral_arrow" },
    { "predicate": { "custom_model_data": 42 }, "model": "item/arrow/breeze_hilt/spectral_arrow" },
    { "predicate": { "custom_model_data": 43 }, "model": "item/arrow/blaze_hilt/spectral_arrow" },
    { "predicate": { "custom_model_data": 51 }, "model": "item/arrow/normal_hilt/sonic_arrow" },
    { "predicate": { "custom_model_data": 52 }, "model": "item/arrow/breeze_hilt/sonic_arrow" },
    { "predicate": { "custom_model_data": 53 }, "model": "item/arrow/blaze_hilt/sonic_arrow" },
    { "predicate": { "custom_model_data": 61 }, "model": "item/arrow/normal_hilt/teleporting_arrow" },
    { "predicate": { "custom_model_data": 62 }, "model": "item/arrow/breeze_hilt/teleporting_arrow" },
    { "predicate": { "custom_model_data": 63 }, "model": "item/arrow/blaze_hilt/teleporting_arrow" },
    { "predicate": { "custom_model_data": 71 }, "model": "item/arrow/normal_hilt/bouncy_arrow" },
    { "predicate": { "custom_model_data": 72 }, "model": "item/arrow/breeze_hilt/bouncy_arrow" },
    { "predicate": { "custom_model_data": 73 }, "model": "item/arrow/blaze_hilt/bouncy_arrow" }
  ]
}