{
  "parent": "minecraft:item/generated",
  "textures": {
    "layer0": "minecraft:block/light_gray_stained_glass"
  },
    "overrides": [
        { "predicate": { "custom_model_data": 1 }, "model": "gui/empty" },
        { "predicate": { "custom_model_data": 2 }, "model": "gui/potion_slot" },
        { "predicate": { "custom_model_data": 3 }, "model": "gui/stick_slot" },
        { "predicate": { "custom_model_data": 4 }, "model": "gui/feather_slot" },
        { "predicate": { "custom_model_data": 5 }, "model": "gui/error" }
    ]
}