{
    "parent": "item/generated",
    "textures": {
        "layer0": "item/clay_ball"
    },
    "overrides": [
        { "predicate": { "custom_model_data": 1 }, "model": "item/waypoint" },
        { "predicate": { "custom_model_data": 2 }, "model": "item/waypoint_transporter" },
        { "predicate": { "custom_model_data": 3 }, "model": "item/villager_crystal" },
        { "predicate": { "custom_model_data": 4 }, "model": "item/villager_crystal_filled" },
        { "predicate": { "custom_model_data": 5 }, "model": "item/villager_crystal_used_zombie" }
    ]
}


